{
  "id": "3766366",
  "name": "demo",
  "font_family": "iconfont",
  "css_prefix_text": "icon-",
  "description": "",
  "glyphs": [
    {
      "icon_id": "24472934",
      "name": "邀请",
      "font_class": "yaoqing",
      "unicode": "fc22",
      "unicode_decimal": 64546
    },
    {
      "icon_id": "24472936",
      "name": "首页",
      "font_class": "shouye",
      "unicode": "fc24",
      "unicode_decimal": 64548
    },
    {
      "icon_id": "24472946",
      "name": "提示",
      "font_class": "tishi",
      "unicode": "fc2c",
      "unicode_decimal": 64556
    },
    {
      "icon_id": "24472948",
      "name": "我的",
      "font_class": "wode",
      "unicode": "fc2e",
      "unicode_decimal": 64558
    },
    {
      "icon_id": "24472950",
      "name": "公告",
      "font_class": "gonggao",
      "unicode": "fc30",
      "unicode_decimal": 64560
    },
    {
      "icon_id": "24472956",
      "name": "文章",
      "font_class": "wenzhang",
      "unicode": "fc34",
      "unicode_decimal": 64564
    },
    {
      "icon_id": "24472959",
      "name": "分类",
      "font_class": "fenlei",
      "unicode": "fc37",
      "unicode_decimal": 64567
    },
    {
      "icon_id": "24472967",
      "name": "任务",
      "font_class": "renwu",
      "unicode": "fc3f",
      "unicode_decimal": 64575
    },
    {
      "icon_id": "24472971",
      "name": "查看订单",
      "font_class": "chakandingdan",
      "unicode": "fc43",
      "unicode_decimal": 64579
    },
    {
      "icon_id": "24472973",
      "name": "邮件",
      "font_class": "youjian",
      "unicode": "fc45",
      "unicode_decimal": 64581
    },
    {
      "icon_id": "24472992",
      "name": "更多",
      "font_class": "gengduo",
      "unicode": "fc58",
      "unicode_decimal": 64600
    },
    {
      "icon_id": "24472994",
      "name": "选项",
      "font_class": "xuanxiang",
      "unicode": "fc5a",
      "unicode_decimal": 64602
    },
    {
      "icon_id": "24473002",
      "name": "删除",
      "font_class": "shanchu",
      "unicode": "fc62",
      "unicode_decimal": 64610
    },
    {
      "icon_id": "24473004",
      "name": "发现",
      "font_class": "faxian",
      "unicode": "fc64",
      "unicode_decimal": 64612
    },
    {
      "icon_id": "24473012",
      "name": "文档",
      "font_class": "wendang",
      "unicode": "fc6c",
      "unicode_decimal": 64620
    }
  ]
}
